RegistrationType,Modalities,Subject,TimeElapsed,PreLandmarkError,PostLandmarkError
antsRegistrationSyNQuick[a],t1,BraTSReg_003,4.909093856811523,3.355994901265485,2.5871936341952195
antsRegistrationSyNQuick[a],t1ce,BraTSReg_003,4.8103907108306885,3.355994901265485,2.693894684276431
antsRegistrationSyNQuick[a],flair,BraTSReg_003,4.460270166397095,3.355994901265485,2.6403762045795474
antsRegistrationSyNQuick[a],t2,BraTSReg_003,4.676701784133911,3.355994901265485,2.730668074868325
antsRegistrationSyNQuick[a],t1,BraTSReg_004,5.289487838745117,3.7337491832678276,3.2722692130212443
antsRegistrationSyNQuick[a],t1ce,BraTSReg_004,4.997591972351074,3.7337491832678276,3.3148857260397144
antsRegistrationSyNQuick[a],flair,BraTSReg_004,4.81159520149231,3.7337491832678276,3.194614541436978
antsRegistrationSyNQuick[a],t2,BraTSReg_004,4.425977945327759,3.7337491832678276,3.145816194421903
antsRegistrationSyNQuick[a],t1,BraTSReg_032,4.585879802703857,3.219103390285459,3.1527116098846655
antsRegistrationSyNQuick[a],t1ce,BraTSReg_032,5.19189190864563,3.219103390285459,3.1776231042310044
antsRegistrationSyNQuick[a],flair,BraTSReg_032,5.44684100151062,3.219103390285459,3.127942541707147
antsRegistrationSyNQuick[a],t2,BraTSReg_032,4.522068023681641,3.219103390285459,2.9316901094360444
antsRegistrationSyNQuick[a],t1,BraTSReg_035,5.3151350021362305,1.2750469233121475,1.2819669948989294
antsRegistrationSyNQuick[a],t1ce,BraTSReg_035,5.225056886672974,1.2750469233121475,1.274324825996838
antsRegistrationSyNQuick[a],flair,BraTSReg_035,5.192861080169678,1.2750469233121475,1.3364734674660068
antsRegistrationSyNQuick[a],t2,BraTSReg_035,5.15699315071106,1.2750469233121475,1.3193569427450067
antsRegistrationSyNQuick[a],t1,BraTSReg_061,5.4076087474823,3.8785892161461533,3.566837695425508
antsRegistrationSyNQuick[a],t1ce,BraTSReg_061,5.421661138534546,3.8785892161461533,3.47526710166962
antsRegistrationSyNQuick[a],flair,BraTSReg_061,6.31653094291687,3.8785892161461533,3.3530450821571716
antsRegistrationSyNQuick[a],t2,BraTSReg_061,5.604899644851685,3.8785892161461533,3.491140588469484
antsRegistrationSyNQuick[a],t1,BraTSReg_095,5.11891508102417,2.9612392278166046,1.3873155237190806
antsRegistrationSyNQuick[a],t1ce,BraTSReg_095,4.059114933013916,2.9612392278166046,1.4744378512561458
antsRegistrationSyNQuick[a],flair,BraTSReg_095,4.962139844894409,2.9612392278166046,1.5943419501224616
antsRegistrationSyNQuick[a],t2,BraTSReg_095,5.082682132720947,2.9612392278166046,1.4208620013498112
antsRegistrationSyNQuick[a],t1,BraTSReg_059,5.43435001373291,3.7728498408896356,3.555231815098573
antsRegistrationSyNQuick[a],t1ce,BraTSReg_059,5.35616397857666,3.7728498408896356,3.554463292426385
antsRegistrationSyNQuick[a],flair,BraTSReg_059,4.733147859573364,3.7728498408896356,3.5967564516752306
antsRegistrationSyNQuick[a],t2,BraTSReg_059,4.891804933547974,3.7728498408896356,3.4682349107451165
antsRegistrationSyNQuick[a],t1,BraTSReg_092,4.848902940750122,2.970962483532722,2.166850548697297
antsRegistrationSyNQuick[a],t1ce,BraTSReg_092,5.0802412033081055,2.970962483532722,2.1732343890088663
antsRegistrationSyNQuick[a],flair,BraTSReg_092,4.234771251678467,2.970962483532722,2.2762116819143814
antsRegistrationSyNQuick[a],t2,BraTSReg_092,5.0850958824157715,2.970962483532722,2.244332621208199
antsRegistrationSyNQuick[a],t1,BraTSReg_066,5.011025905609131,4.841603265413882,4.507009423769043
antsRegistrationSyNQuick[a],t1ce,BraTSReg_066,5.230758905410767,4.841603265413882,4.311266999320344
antsRegistrationSyNQuick[a],flair,BraTSReg_066,5.094129800796509,4.841603265413882,3.9765056638341334
antsRegistrationSyNQuick[a],t2,BraTSReg_066,4.8944361209869385,4.841603265413882,4.128404778444728
antsRegistrationSyNQuick[a],t1,BraTSReg_050,4.979154825210571,4.173087594853652,4.233860745802384
antsRegistrationSyNQuick[a],t1ce,BraTSReg_050,4.869143009185791,4.173087594853652,4.159379368934244
antsRegistrationSyNQuick[a],flair,BraTSReg_050,4.674447059631348,4.173087594853652,4.20170827911899
antsRegistrationSyNQuick[a],t2,BraTSReg_050,4.391810178756714,4.173087594853652,4.161898104217892
antsRegistrationSyNQuick[a],t1,BraTSReg_068,4.788623094558716,4.252609759845673,4.320708349065798
antsRegistrationSyNQuick[a],t1ce,BraTSReg_068,4.884629964828491,4.252609759845673,4.5769367337734606
antsRegistrationSyNQuick[a],flair,BraTSReg_068,4.526054859161377,4.252609759845673,4.676808871353555
antsRegistrationSyNQuick[a],t2,BraTSReg_068,5.007770299911499,4.252609759845673,4.444088865324204
antsRegistrationSyNQuick[a],t1,BraTSReg_057,4.697828054428101,3.927616510586583,3.8458928886893786
antsRegistrationSyNQuick[a],t1ce,BraTSReg_057,4.76673698425293,3.927616510586583,3.9690038569605917
antsRegistrationSyNQuick[a],flair,BraTSReg_057,4.950531005859375,3.927616510586583,3.939721118556622
antsRegistrationSyNQuick[a],t2,BraTSReg_057,4.6024580001831055,3.927616510586583,3.985093445130134
antsRegistrationSyNQuick[a],t1,BraTSReg_034,5.036272764205933,1.345177968644246,1.313950343267474
antsRegistrationSyNQuick[a],t1ce,BraTSReg_034,4.570461988449097,1.345177968644246,1.3155319384094817
antsRegistrationSyNQuick[a],flair,BraTSReg_034,3.7323272228240967,1.345177968644246,1.2244746633963597
antsRegistrationSyNQuick[a],t2,BraTSReg_034,4.617006063461304,1.345177968644246,1.283551305736074
antsRegistrationSyNQuick[a],t1,BraTSReg_033,4.923351049423218,1.74535599249993,1.7550983742557253
antsRegistrationSyNQuick[a],t1ce,BraTSReg_033,4.425273895263672,1.74535599249993,1.7420823541210837
antsRegistrationSyNQuick[a],flair,BraTSReg_033,4.823878765106201,1.74535599249993,1.6580476741884989
antsRegistrationSyNQuick[a],t2,BraTSReg_033,4.764829158782959,1.74535599249993,1.7719412677782629
antsRegistrationSyNQuick[a],t1,BraTSReg_005,4.36672568321228,3.083499712092545,2.294189330605958
antsRegistrationSyNQuick[a],t1ce,BraTSReg_005,4.3070971965789795,3.083499712092545,2.3221509092715817
antsRegistrationSyNQuick[a],flair,BraTSReg_005,4.905551195144653,3.083499712092545,2.375079192143046
antsRegistrationSyNQuick[a],t2,BraTSReg_005,4.748218059539795,3.083499712092545,2.279417354247603
antsRegistrationSyNQuick[a],t1,BraTSReg_002,4.564937353134155,2.325255458393975,2.2989840566166815
antsRegistrationSyNQuick[a],t1ce,BraTSReg_002,4.022147178649902,2.325255458393975,2.3440442969495243
antsRegistrationSyNQuick[a],flair,BraTSReg_002,4.928644895553589,2.325255458393975,2.312536771460923
antsRegistrationSyNQuick[a],t2,BraTSReg_002,4.851527214050293,2.325255458393975,2.389318279401978
antsRegistrationSyNQuick[a],t1,BraTSReg_069,4.478039979934692,3.4853685607022498,3.7782245213639016
antsRegistrationSyNQuick[a],t1ce,BraTSReg_069,4.746340751647949,3.4853685607022498,3.4387521333161724
antsRegistrationSyNQuick[a],flair,BraTSReg_069,4.293890953063965,3.4853685607022498,3.678225904716313
antsRegistrationSyNQuick[a],t2,BraTSReg_069,4.985824823379517,3.4853685607022498,3.6085653834599207
antsRegistrationSyNQuick[a],t1,BraTSReg_056,5.202945232391357,4.266743079815105,3.462005772819727
antsRegistrationSyNQuick[a],t1ce,BraTSReg_056,4.716084003448486,4.266743079815105,3.124527731195087
antsRegistrationSyNQuick[a],flair,BraTSReg_056,4.367854118347168,4.266743079815105,3.229179001077943
antsRegistrationSyNQuick[a],t2,BraTSReg_056,4.7217857837677,4.266743079815105,3.017717179313187
antsRegistrationSyNQuick[a],t1,BraTSReg_051,4.577454090118408,6.082080114789832,5.3162724437580104
antsRegistrationSyNQuick[a],t1ce,BraTSReg_051,4.4666008949279785,6.082080114789832,5.343549274957007
antsRegistrationSyNQuick[a],flair,BraTSReg_051,4.670374870300293,6.082080114789832,5.333372275843489
antsRegistrationSyNQuick[a],t2,BraTSReg_051,4.712681293487549,6.082080114789832,5.382800453233942
antsRegistrationSyNQuick[a],t1,BraTSReg_058,4.767208814620972,6.74604248751786,7.0502001052319345
antsRegistrationSyNQuick[a],t1ce,BraTSReg_058,4.407183885574341,6.74604248751786,7.097981585877474
antsRegistrationSyNQuick[a],flair,BraTSReg_058,4.843808889389038,6.74604248751786,6.989085264974126
antsRegistrationSyNQuick[a],t2,BraTSReg_058,4.450786113739014,6.74604248751786,6.7406667742663045
antsRegistrationSyNQuick[a],t1,BraTSReg_067,4.514665126800537,3.406318602206775,3.852078584849245
antsRegistrationSyNQuick[a],t1ce,BraTSReg_067,4.4161951541900635,3.406318602206775,3.853375314828593
antsRegistrationSyNQuick[a],flair,BraTSReg_067,4.76142692565918,3.406318602206775,4.014023262640577
antsRegistrationSyNQuick[a],t2,BraTSReg_067,4.421519994735718,3.406318602206775,3.7342741179950125
antsRegistrationSyNQuick[a],t1,BraTSReg_093,4.350598096847534,2.5415785646855986,2.011361589781497
antsRegistrationSyNQuick[a],t1ce,BraTSReg_093,4.5826640129089355,2.5415785646855986,2.2358813759588987
antsRegistrationSyNQuick[a],flair,BraTSReg_093,4.537960767745972,2.5415785646855986,1.9794879839704598
antsRegistrationSyNQuick[a],t2,BraTSReg_093,4.9197492599487305,2.5415785646855986,1.7594332832954542
antsRegistrationSyNQuick[a],t1,BraTSReg_094,4.0939860343933105,6.554793801288981,4.123360154557479
antsRegistrationSyNQuick[a],t1ce,BraTSReg_094,4.130470037460327,6.554793801288981,4.113095845905582
antsRegistrationSyNQuick[a],flair,BraTSReg_094,4.0955400466918945,6.554793801288981,4.233690920427305
antsRegistrationSyNQuick[a],t2,BraTSReg_094,4.645954132080078,6.554793801288981,4.19595540523468
antsRegistrationSyNQuick[a],t1,BraTSReg_060,4.2379279136657715,2.8848732740042484,2.2371689667514256
antsRegistrationSyNQuick[a],t1ce,BraTSReg_060,4.472013711929321,2.8848732740042484,2.2399687644802038
antsRegistrationSyNQuick[a],flair,BraTSReg_060,3.8990542888641357,2.8848732740042484,2.3918288461499784
antsRegistrationSyNQuick[a],t2,BraTSReg_060,4.5133280754089355,2.8848732740042484,2.192119335671029
antsRegistrationSyNQuick[a],t1,BraTSReg_112,4.533657789230347,13.16286967365499,3.8057260185692043
antsRegistrationSyNQuick[a],t1ce,BraTSReg_112,4.01354193687439,13.16286967365499,3.914267111425871
antsRegistrationSyNQuick[a],flair,BraTSReg_112,3.9370980262756348,13.16286967365499,3.8518287894406678
antsRegistrationSyNQuick[a],t2,BraTSReg_112,4.36752986907959,13.16286967365499,3.94064631814378
antsRegistrationSyNQuick[a],t1,BraTSReg_115,4.51521110534668,14.946357481233326,12.646831468187022
antsRegistrationSyNQuick[a],t1ce,BraTSReg_115,4.566005229949951,14.946357481233326,12.686391268037776
antsRegistrationSyNQuick[a],flair,BraTSReg_115,4.6954121589660645,14.946357481233326,12.967524989453471
antsRegistrationSyNQuick[a],t2,BraTSReg_115,4.233221054077148,14.946357481233326,12.504281261338253
antsRegistrationSyNQuick[a],t1,BraTSReg_123,4.62390398979187,10.983175804001249,3.38652501634726
antsRegistrationSyNQuick[a],t1ce,BraTSReg_123,4.376871824264526,10.983175804001249,3.6146462367616734
antsRegistrationSyNQuick[a],flair,BraTSReg_123,4.585487127304077,10.983175804001249,4.136295588257355
antsRegistrationSyNQuick[a],t2,BraTSReg_123,4.8138511180877686,10.983175804001249,3.4538944908732927
antsRegistrationSyNQuick[a],t1,BraTSReg_124,4.222923040390015,9.94494727163389,4.509817399456312
antsRegistrationSyNQuick[a],t1ce,BraTSReg_124,4.297877073287964,9.94494727163389,4.613068081746233
antsRegistrationSyNQuick[a],flair,BraTSReg_124,4.594222068786621,9.94494727163389,4.662058752179297
antsRegistrationSyNQuick[a],t2,BraTSReg_124,4.194962024688721,9.94494727163389,4.370489006956747
antsRegistrationSyNQuick[a],t1,BraTSReg_125,4.744713068008423,7.593385071253981,3.197768315615106
antsRegistrationSyNQuick[a],t1ce,BraTSReg_125,4.36084771156311,7.593385071253981,3.4129935932097553
antsRegistrationSyNQuick[a],flair,BraTSReg_125,4.413597106933594,7.593385071253981,3.297372817541871
antsRegistrationSyNQuick[a],t2,BraTSReg_125,4.59731388092041,7.593385071253981,3.2867004394481754
antsRegistrationSyNQuick[a],t1,BraTSReg_122,4.820981979370117,7.806948656341601,1.8303917197546844
antsRegistrationSyNQuick[a],t1ce,BraTSReg_122,4.705343961715698,7.806948656341601,1.9087258926733834
antsRegistrationSyNQuick[a],flair,BraTSReg_122,4.012197256088257,7.806948656341601,1.7825262909159358
antsRegistrationSyNQuick[a],t2,BraTSReg_122,4.422465085983276,7.806948656341601,1.9530657787397598
antsRegistrationSyNQuick[a],t1,BraTSReg_114,4.542014837265015,7.806496655493366,4.921492355613909
antsRegistrationSyNQuick[a],t1ce,BraTSReg_114,4.593248128890991,7.806496655493366,4.00830739727448
antsRegistrationSyNQuick[a],flair,BraTSReg_114,4.169838190078735,7.806496655493366,3.980455566550785
antsRegistrationSyNQuick[a],t2,BraTSReg_114,4.243058919906616,7.806496655493366,3.8924861691964248
antsRegistrationSyNQuick[a],t1,BraTSReg_113,4.26967191696167,15.454531310228797,10.159662768669781
antsRegistrationSyNQuick[a],t1ce,BraTSReg_113,4.615612983703613,15.454531310228797,10.380569516428007
antsRegistrationSyNQuick[a],flair,BraTSReg_113,4.392650842666626,15.454531310228797,10.156162115346746
antsRegistrationSyNQuick[a],t2,BraTSReg_113,4.521790981292725,15.454531310228797,10.153175902157802
antsRegistrationSyNQuick[a],t1,BraTSReg_140,4.391803979873657,5.120132231036611,3.73858416952771
antsRegistrationSyNQuick[a],t1ce,BraTSReg_140,4.83417010307312,5.120132231036611,3.844984042149855
antsRegistrationSyNQuick[a],flair,BraTSReg_140,4.572517156600952,5.120132231036611,4.032160557284936
antsRegistrationSyNQuick[a],t2,BraTSReg_140,4.602228164672852,5.120132231036611,3.6521206288012458
antsRegistrationSyNQuick[a],t1,BraTSReg_131,4.597937107086182,13.8369648804963,6.009638362907488
antsRegistrationSyNQuick[a],t1ce,BraTSReg_131,4.612452268600464,13.8369648804963,5.926058875538167
antsRegistrationSyNQuick[a],flair,BraTSReg_131,4.758487939834595,13.8369648804963,5.979596610352039
antsRegistrationSyNQuick[a],t2,BraTSReg_131,4.4693310260772705,13.8369648804963,5.203897174259257
antsRegistrationSyNQuick[a],t1,BraTSReg_109,4.4566330909729,12.228604080978872,3.077713271573477
antsRegistrationSyNQuick[a],t1ce,BraTSReg_109,4.332525014877319,12.228604080978872,2.436201960320609
antsRegistrationSyNQuick[a],flair,BraTSReg_109,4.785554885864258,12.228604080978872,2.638489147451411
antsRegistrationSyNQuick[a],t2,BraTSReg_109,4.3159708976745605,12.228604080978872,2.3569372202102743
antsRegistrationSyNQuick[a],t1,BraTSReg_136,4.534969091415405,5.433871424373071,2.9355642882934965
antsRegistrationSyNQuick[a],t1ce,BraTSReg_136,4.420807838439941,5.433871424373071,2.3543908068213337
antsRegistrationSyNQuick[a],flair,BraTSReg_136,4.595664024353027,5.433871424373071,2.395061305834354
antsRegistrationSyNQuick[a],t2,BraTSReg_136,4.525208950042725,5.433871424373071,2.31635895551835
antsRegistrationSyNQuick[a],t1,BraTSReg_100,3.795821189880371,20.335147713083714,7.299803505166097
antsRegistrationSyNQuick[a],t1ce,BraTSReg_100,4.4628331661224365,20.335147713083714,6.799192227565047
antsRegistrationSyNQuick[a],flair,BraTSReg_100,4.592780828475952,20.335147713083714,6.976652597544604
antsRegistrationSyNQuick[a],t2,BraTSReg_100,4.188931941986084,20.335147713083714,5.98751073358348
antsRegistrationSyNQuick[a],t1,BraTSReg_138,4.705413103103638,12.846957864527479,1.5867324501516848
antsRegistrationSyNQuick[a],t1ce,BraTSReg_138,3.8060128688812256,12.846957864527479,1.5767384182415212
antsRegistrationSyNQuick[a],flair,BraTSReg_138,4.769459962844849,12.846957864527479,1.5513557431849332
antsRegistrationSyNQuick[a],t2,BraTSReg_138,4.801884889602661,12.846957864527479,1.7895200070303643
antsRegistrationSyNQuick[a],t1,BraTSReg_107,4.672940015792847,25.62864275936098,5.409189416955046
antsRegistrationSyNQuick[a],t1ce,BraTSReg_107,4.796100854873657,25.62864275936098,5.528326354745017
antsRegistrationSyNQuick[a],flair,BraTSReg_107,4.077832937240601,25.62864275936098,5.519377956802946
antsRegistrationSyNQuick[a],t2,BraTSReg_107,4.0688982009887695,25.62864275936098,5.51614569530504
antsRegistrationSyNQuick[a],t1,BraTSReg_139,3.9364709854125977,23.497705963256585,4.485234439785339
antsRegistrationSyNQuick[a],t1ce,BraTSReg_139,4.437427282333374,23.497705963256585,3.8803133977380866
antsRegistrationSyNQuick[a],flair,BraTSReg_139,3.5555129051208496,23.497705963256585,4.031898672857466
antsRegistrationSyNQuick[a],t2,BraTSReg_139,4.95227313041687,23.497705963256585,3.688238685203692
antsRegistrationSyNQuick[a],t1,BraTSReg_106,4.3928282260894775,9.438360173687261,8.645992030971922
antsRegistrationSyNQuick[a],t1ce,BraTSReg_106,4.737748861312866,9.438360173687261,8.42828065169012
antsRegistrationSyNQuick[a],flair,BraTSReg_106,4.626289129257202,9.438360173687261,8.635547546865466
antsRegistrationSyNQuick[a],t2,BraTSReg_106,4.813492059707642,9.438360173687261,8.305430219177097
antsRegistrationSyNQuick[a],t1,BraTSReg_101,3.7775070667266846,15.349726512652422,5.685307331858777
antsRegistrationSyNQuick[a],t1ce,BraTSReg_101,4.135263919830322,15.349726512652422,4.976122389922151
antsRegistrationSyNQuick[a],flair,BraTSReg_101,4.018328905105591,15.349726512652422,5.355006252190313
antsRegistrationSyNQuick[a],t2,BraTSReg_101,4.403578042984009,15.349726512652422,4.848858812690345
antsRegistrationSyNQuick[a],t1,BraTSReg_108,4.586483001708984,11.66591988468392,2.865825270783112
antsRegistrationSyNQuick[a],t1ce,BraTSReg_108,4.135336875915527,11.66591988468392,2.457061337245194
antsRegistrationSyNQuick[a],flair,BraTSReg_108,4.3401758670806885,11.66591988468392,2.5851433406843283
antsRegistrationSyNQuick[a],t2,BraTSReg_108,4.521489143371582,11.66591988468392,2.429092494863094
antsRegistrationSyNQuick[a],t1,BraTSReg_137,4.4913647174835205,19.199723566846934,3.948858111121918
antsRegistrationSyNQuick[a],t1ce,BraTSReg_137,4.450878381729126,19.199723566846934,4.1835959068786135
antsRegistrationSyNQuick[a],flair,BraTSReg_137,4.6216630935668945,19.199723566846934,4.360631777866208
antsRegistrationSyNQuick[a],t2,BraTSReg_137,4.916171073913574,19.199723566846934,4.3711931752052475
antsRegistrationSyNQuick[a],t1,BraTSReg_130,4.588386058807373,8.988508180588934,3.8510008712555654
antsRegistrationSyNQuick[a],t1ce,BraTSReg_130,3.976696729660034,8.988508180588934,4.051727379763492
antsRegistrationSyNQuick[a],flair,BraTSReg_130,4.875396013259888,8.988508180588934,4.026986454633173
antsRegistrationSyNQuick[a],t2,BraTSReg_130,5.364914178848267,8.988508180588934,4.358539040270096
antsRegistrationSyNQuick[a],t1,BraTSReg_042,5.606534004211426,2.0318578549261868,2.04617464008732
antsRegistrationSyNQuick[a],t1ce,BraTSReg_042,5.151100158691406,2.0318578549261868,2.012129319791542
antsRegistrationSyNQuick[a],flair,BraTSReg_042,6.9623260498046875,2.0318578549261868,2.027813061946961
antsRegistrationSyNQuick[a],t2,BraTSReg_042,6.2191948890686035,2.0318578549261868,2.0185955287385275
antsRegistrationSyNQuick[a],t1,BraTSReg_089,5.508084058761597,2.654852724470697,2.7752178600115323
antsRegistrationSyNQuick[a],t1ce,BraTSReg_089,3.6121108531951904,2.654852724470697,2.9131801179990604
antsRegistrationSyNQuick[a],flair,BraTSReg_089,4.230982780456543,2.654852724470697,2.7539517616050277
antsRegistrationSyNQuick[a],t2,BraTSReg_089,4.734498023986816,2.654852724470697,2.7341639978554535
antsRegistrationSyNQuick[a],t1,BraTSReg_045,4.9378297328948975,1.6253026075676604,1.6324860904350176
antsRegistrationSyNQuick[a],t1ce,BraTSReg_045,4.438601970672607,1.6253026075676604,1.6284030055341863
antsRegistrationSyNQuick[a],flair,BraTSReg_045,4.445018768310547,1.6253026075676604,1.6037202487113404
antsRegistrationSyNQuick[a],t2,BraTSReg_045,4.5392067432403564,1.6253026075676604,1.6926726028469152
antsRegistrationSyNQuick[a],t1,BraTSReg_073,3.5711748600006104,6.960647903504064,6.030191361249023
antsRegistrationSyNQuick[a],t1ce,BraTSReg_073,4.446894645690918,6.960647903504064,6.065418448488622
antsRegistrationSyNQuick[a],flair,BraTSReg_073,4.533680200576782,6.960647903504064,6.089940202853473
antsRegistrationSyNQuick[a],t2,BraTSReg_073,4.6974968910217285,6.960647903504064,6.161334552707952
antsRegistrationSyNQuick[a],t1,BraTSReg_087,4.70751690864563,3.259909974533262,2.373268879251713
antsRegistrationSyNQuick[a],t1ce,BraTSReg_087,4.6373560428619385,3.259909974533262,2.506200582203179
antsRegistrationSyNQuick[a],flair,BraTSReg_087,4.909017086029053,3.259909974533262,2.493421204831156
antsRegistrationSyNQuick[a],t2,BraTSReg_087,4.9881911277771,3.259909974533262,2.546918515744843
antsRegistrationSyNQuick[a],t1,BraTSReg_080,4.074323892593384,2.3063021729914084,2.0516750476233208
antsRegistrationSyNQuick[a],t1ce,BraTSReg_080,4.656754970550537,2.3063021729914084,2.132345364019899
antsRegistrationSyNQuick[a],flair,BraTSReg_080,5.7052741050720215,2.3063021729914084,2.0514807468111447
antsRegistrationSyNQuick[a],t2,BraTSReg_080,4.6682658195495605,2.3063021729914084,2.083122221308508
antsRegistrationSyNQuick[a],t1,BraTSReg_074,5.363718032836914,2.2459959365534834,1.8799464587025987
antsRegistrationSyNQuick[a],t1ce,BraTSReg_074,5.582713842391968,2.2459959365534834,1.8854591272265502
antsRegistrationSyNQuick[a],flair,BraTSReg_074,5.497782230377197,2.2459959365534834,1.8815870268345847
antsRegistrationSyNQuick[a],t2,BraTSReg_074,5.222638130187988,2.2459959365534834,1.9135254674671738
antsRegistrationSyNQuick[a],t1,BraTSReg_020,4.389648914337158,1.8770675874927283,1.5661818453609255
antsRegistrationSyNQuick[a],t1ce,BraTSReg_020,4.637897968292236,1.8770675874927283,1.492608496969605
antsRegistrationSyNQuick[a],flair,BraTSReg_020,4.883958101272583,1.8770675874927283,1.52165738039566
antsRegistrationSyNQuick[a],t2,BraTSReg_020,4.3663671016693115,1.8770675874927283,1.6713892349209767
antsRegistrationSyNQuick[a],t1,BraTSReg_018,4.174576759338379,2.8695258847869916,2.636133948607997
antsRegistrationSyNQuick[a],t1ce,BraTSReg_018,4.789312124252319,2.8695258847869916,2.646293662787722
antsRegistrationSyNQuick[a],flair,BraTSReg_018,4.345477104187012,2.8695258847869916,2.673051188001225
antsRegistrationSyNQuick[a],t2,BraTSReg_018,4.749176979064941,2.8695258847869916,2.603036259921638
antsRegistrationSyNQuick[a],t1,BraTSReg_027,4.588634967803955,2.3425333145267584,2.0492111350418
antsRegistrationSyNQuick[a],t1ce,BraTSReg_027,4.030357122421265,2.3425333145267584,2.1475773410731236
antsRegistrationSyNQuick[a],flair,BraTSReg_027,4.365684986114502,2.3425333145267584,2.065117394169101
antsRegistrationSyNQuick[a],t2,BraTSReg_027,4.750792026519775,2.3425333145267584,2.1940843649085173
antsRegistrationSyNQuick[a],t1,BraTSReg_011,5.841990232467651,4.611665449219872,3.402867645851885
antsRegistrationSyNQuick[a],t1ce,BraTSReg_011,4.468239068984985,4.611665449219872,3.54918285219301
antsRegistrationSyNQuick[a],flair,BraTSReg_011,5.153435945510864,4.611665449219872,3.5714755329885066
antsRegistrationSyNQuick[a],t2,BraTSReg_011,5.857023000717163,4.611665449219872,3.6181654588806933
antsRegistrationSyNQuick[a],t1,BraTSReg_029,5.244423866271973,2.044780310802406,2.0011250107908545
antsRegistrationSyNQuick[a],t1ce,BraTSReg_029,5.528935194015503,2.044780310802406,1.9529174267064582
antsRegistrationSyNQuick[a],flair,BraTSReg_029,5.620711088180542,2.044780310802406,2.0275829006768173
antsRegistrationSyNQuick[a],t2,BraTSReg_029,4.797685861587524,2.044780310802406,1.9646949770593256
antsRegistrationSyNQuick[a],t1,BraTSReg_016,4.473835229873657,3.784479283463888,1.5156376560253115
antsRegistrationSyNQuick[a],t1ce,BraTSReg_016,4.533400774002075,3.784479283463888,1.5815820933383788
antsRegistrationSyNQuick[a],flair,BraTSReg_016,4.656535863876343,3.784479283463888,1.5927966352353071
antsRegistrationSyNQuick[a],t2,BraTSReg_016,4.597671985626221,3.784479283463888,1.6299087059413875
antsRegistrationSyNQuick[a],t1,BraTSReg_075,4.653432846069336,2.3778858233025586,2.1563481945200254
antsRegistrationSyNQuick[a],t1ce,BraTSReg_075,4.762693166732788,2.3778858233025586,2.0997171252181506
antsRegistrationSyNQuick[a],flair,BraTSReg_075,4.806570053100586,2.3778858233025586,1.877431761431108
antsRegistrationSyNQuick[a],t2,BraTSReg_075,4.761149883270264,2.3778858233025586,1.968823138169072
antsRegistrationSyNQuick[a],t1,BraTSReg_081,4.825667142868042,3.6408712297665935,2.8579118016320204
antsRegistrationSyNQuick[a],t1ce,BraTSReg_081,4.954326152801514,3.6408712297665935,2.5728554497054006
antsRegistrationSyNQuick[a],flair,BraTSReg_081,3.7878530025482178,3.6408712297665935,2.6494401917715074
antsRegistrationSyNQuick[a],t2,BraTSReg_081,4.620867729187012,3.6408712297665935,2.661013511293384
antsRegistrationSyNQuick[a],t1,BraTSReg_086,4.173601865768433,2.2568720620465017,2.1915808340760607
antsRegistrationSyNQuick[a],t1ce,BraTSReg_086,4.772410154342651,2.2568720620465017,2.2266357896528524
antsRegistrationSyNQuick[a],flair,BraTSReg_086,4.7229979038238525,2.2568720620465017,2.277438168403058
antsRegistrationSyNQuick[a],t2,BraTSReg_086,4.6150431632995605,2.2568720620465017,2.1613392920071894
antsRegistrationSyNQuick[a],t1,BraTSReg_072,4.571027040481567,4.28625319951817,3.5198316898903106
antsRegistrationSyNQuick[a],t1ce,BraTSReg_072,4.159670114517212,4.28625319951817,3.6071451630420155
antsRegistrationSyNQuick[a],flair,BraTSReg_072,4.381217002868652,4.28625319951817,3.6364615602209303
antsRegistrationSyNQuick[a],t2,BraTSReg_072,4.586874008178711,4.28625319951817,3.5284446644998826
antsRegistrationSyNQuick[a],t1,BraTSReg_044,4.442980051040649,1.2750469233121475,1.3173915918485148
antsRegistrationSyNQuick[a],t1ce,BraTSReg_044,4.80794095993042,1.2750469233121475,1.4448321025964257
antsRegistrationSyNQuick[a],flair,BraTSReg_044,5.192428112030029,1.2750469233121475,1.3359310984454424
antsRegistrationSyNQuick[a],t2,BraTSReg_044,4.699060916900635,1.2750469233121475,1.485635529894725
antsRegistrationSyNQuick[a],t1,BraTSReg_043,5.0373828411102295,7.008350780532591,7.041456534502141
antsRegistrationSyNQuick[a],t1ce,BraTSReg_043,4.660667181015015,7.008350780532591,7.032725903904086
antsRegistrationSyNQuick[a],flair,BraTSReg_043,4.046558856964111,7.008350780532591,6.976532212079903
antsRegistrationSyNQuick[a],t2,BraTSReg_043,4.627093076705933,7.008350780532591,7.013602738403613
antsRegistrationSyNQuick[a],t1,BraTSReg_088,4.672837972640991,4.917836825790397,3.4436205299156546
antsRegistrationSyNQuick[a],t1ce,BraTSReg_088,4.975817918777466,4.917836825790397,3.547506240844561
antsRegistrationSyNQuick[a],flair,BraTSReg_088,4.779622793197632,4.917836825790397,3.6505337619364973
antsRegistrationSyNQuick[a],t2,BraTSReg_088,4.760049343109131,4.917836825790397,3.2665552296041085
antsRegistrationSyNQuick[a],t1,BraTSReg_028,4.502334356307983,3.030253575612015,2.031191899094276
antsRegistrationSyNQuick[a],t1ce,BraTSReg_028,4.236338138580322,3.030253575612015,2.451683704972195
antsRegistrationSyNQuick[a],flair,BraTSReg_028,4.375924825668335,3.030253575612015,2.291839030563113
antsRegistrationSyNQuick[a],t2,BraTSReg_028,4.548965215682983,3.030253575612015,2.193745752888054
antsRegistrationSyNQuick[a],t1,BraTSReg_017,4.599978923797607,3.0902026835204857,3.319457995853979
antsRegistrationSyNQuick[a],t1ce,BraTSReg_017,4.485934257507324,3.0902026835204857,2.994755932308705
antsRegistrationSyNQuick[a],flair,BraTSReg_017,4.481466293334961,3.0902026835204857,2.6267051031033573
antsRegistrationSyNQuick[a],t2,BraTSReg_017,4.134674310684204,3.0902026835204857,2.8889745211157405
antsRegistrationSyNQuick[a],t1,BraTSReg_010,4.4729163646698,6.715953044505223,2.0868789192067934
antsRegistrationSyNQuick[a],t1ce,BraTSReg_010,4.022992849349976,6.715953044505223,2.025685854173436
antsRegistrationSyNQuick[a],flair,BraTSReg_010,4.862066268920898,6.715953044505223,1.978949901727901
antsRegistrationSyNQuick[a],t2,BraTSReg_010,4.171137094497681,6.715953044505223,1.9352280180741595
antsRegistrationSyNQuick[a],t1,BraTSReg_019,4.709914207458496,3.2924661225532805,3.0844991755426143
antsRegistrationSyNQuick[a],t1ce,BraTSReg_019,4.432131052017212,3.2924661225532805,3.1529725858859003
antsRegistrationSyNQuick[a],flair,BraTSReg_019,4.778165817260742,3.2924661225532805,3.063585602946644
antsRegistrationSyNQuick[a],t2,BraTSReg_019,4.9083778858184814,3.2924661225532805,3.029062836241446
antsRegistrationSyNQuick[a],t1,BraTSReg_026,3.978287935256958,3.176434750080627,3.0688234041323863
antsRegistrationSyNQuick[a],t1ce,BraTSReg_026,3.6649892330169678,3.176434750080627,3.1305679862951266
antsRegistrationSyNQuick[a],flair,BraTSReg_026,4.587741851806641,3.176434750080627,3.0587753713154426
antsRegistrationSyNQuick[a],t2,BraTSReg_026,4.685151100158691,3.176434750080627,3.112512380500466
antsRegistrationSyNQuick[a],t1,BraTSReg_021,4.4063639640808105,2.4698553182767937,2.9036523450832177
antsRegistrationSyNQuick[a],t1ce,BraTSReg_021,4.151141881942749,2.4698553182767937,2.9209990599405824
antsRegistrationSyNQuick[a],flair,BraTSReg_021,4.622075319290161,2.4698553182767937,2.831722346460888
antsRegistrationSyNQuick[a],t2,BraTSReg_021,4.486690998077393,2.4698553182767937,2.774531975381397
antsRegistrationSyNQuick[a],t1,BraTSReg_091,4.881882905960083,3.597215014130525,3.3587876589352708
antsRegistrationSyNQuick[a],t1ce,BraTSReg_091,4.09625506401062,3.597215014130525,3.760859472143012
antsRegistrationSyNQuick[a],flair,BraTSReg_091,3.929593086242676,3.597215014130525,3.3807769955103555
antsRegistrationSyNQuick[a],t2,BraTSReg_091,4.810168743133545,3.597215014130525,3.353617023480828
antsRegistrationSyNQuick[a],t1,BraTSReg_065,4.617011785507202,4.281849638865354,3.76560102579284
antsRegistrationSyNQuick[a],t1ce,BraTSReg_065,4.5169007778167725,4.281849638865354,3.704215562321282
antsRegistrationSyNQuick[a],flair,BraTSReg_065,4.784698247909546,4.281849638865354,3.7292449946811472
antsRegistrationSyNQuick[a],t2,BraTSReg_065,4.540964126586914,4.281849638865354,3.6831747237397776
antsRegistrationSyNQuick[a],t1,BraTSReg_062,4.087188005447388,2.981028655910424,1.9974762902967664
antsRegistrationSyNQuick[a],t1ce,BraTSReg_062,4.303349018096924,2.981028655910424,1.9728464862340782
antsRegistrationSyNQuick[a],flair,BraTSReg_062,4.6525559425354,2.981028655910424,1.9906280196812502
antsRegistrationSyNQuick[a],t2,BraTSReg_062,4.618377923965454,2.981028655910424,2.0009845039876124
antsRegistrationSyNQuick[a],t1,BraTSReg_096,6.176755905151367,3.4988729909582412,9.970551159711855
antsRegistrationSyNQuick[a],t1ce,BraTSReg_096,6.225563049316406,3.4988729909582412,9.204724661731975
antsRegistrationSyNQuick[a],flair,BraTSReg_096,5.515851020812988,3.4988729909582412,8.858073131744675
antsRegistrationSyNQuick[a],t2,BraTSReg_096,8.799939155578613,3.4988729909582412,11.091466173608799
antsRegistrationSyNQuick[a],t1,BraTSReg_054,4.868854761123657,10.118874930701567,21.881569548818238
antsRegistrationSyNQuick[a],t1ce,BraTSReg_054,4.1738440990448,10.118874930701567,30.619307897721733
antsRegistrationSyNQuick[a],flair,BraTSReg_054,4.378367185592651,10.118874930701567,28.809119340548826
antsRegistrationSyNQuick[a],t2,BraTSReg_054,4.021650314331055,10.118874930701567,31.544064236200466
antsRegistrationSyNQuick[a],t1,BraTSReg_098,4.373318910598755,5.64051264376886,4.2152164004996076
antsRegistrationSyNQuick[a],t1ce,BraTSReg_098,4.581269979476929,5.64051264376886,4.264798920480896
antsRegistrationSyNQuick[a],flair,BraTSReg_098,4.883810758590698,5.64051264376886,5.990824290107996
antsRegistrationSyNQuick[a],t2,BraTSReg_098,5.499171018600464,5.64051264376886,7.32467253479612
antsRegistrationSyNQuick[a],t1,BraTSReg_053,4.697958707809448,2.90393540864986,2.070316627683943
antsRegistrationSyNQuick[a],t1ce,BraTSReg_053,3.90710711479187,2.90393540864986,1.7910491976796798
antsRegistrationSyNQuick[a],flair,BraTSReg_053,4.300030946731567,2.90393540864986,2.41299305608581
antsRegistrationSyNQuick[a],t2,BraTSReg_053,4.0928850173950195,2.90393540864986,1.8811544391660846
antsRegistrationSyNQuick[a],t1,BraTSReg_007,4.364508152008057,2.6175802378389057,2.3437739445449037
antsRegistrationSyNQuick[a],t1ce,BraTSReg_007,4.770155668258667,2.6175802378389057,2.2520559794331163
antsRegistrationSyNQuick[a],flair,BraTSReg_007,4.527469158172607,2.6175802378389057,2.419338050324776
antsRegistrationSyNQuick[a],t2,BraTSReg_007,4.304126024246216,2.6175802378389057,2.38220170050024
antsRegistrationSyNQuick[a],t1,BraTSReg_038,4.526615858078003,1.2060113295832984,1.1720806336225842
antsRegistrationSyNQuick[a],t1ce,BraTSReg_038,4.634500026702881,1.2060113295832984,1.152746158434819
antsRegistrationSyNQuick[a],flair,BraTSReg_038,4.414405107498169,1.2060113295832984,1.1051535829858137
antsRegistrationSyNQuick[a],t2,BraTSReg_038,4.167032957077026,1.2060113295832984,1.396161618131876
antsRegistrationSyNQuick[a],t1,BraTSReg_036,4.610037326812744,0.8280197975114444,1.0481630855902333
antsRegistrationSyNQuick[a],t1ce,BraTSReg_036,4.42897891998291,0.8280197975114444,0.8992862595652945
antsRegistrationSyNQuick[a],flair,BraTSReg_036,4.595318078994751,0.8280197975114444,0.9214633367348366
antsRegistrationSyNQuick[a],t2,BraTSReg_036,4.628312110900879,0.8280197975114444,0.8796513240382731
antsRegistrationSyNQuick[a],t1,BraTSReg_009,4.343790054321289,3.4232023402150884,2.3839084455905883
antsRegistrationSyNQuick[a],t1ce,BraTSReg_009,4.350566864013672,3.4232023402150884,2.3629569302146742
antsRegistrationSyNQuick[a],flair,BraTSReg_009,4.391716957092285,3.4232023402150884,2.4495491449282385
antsRegistrationSyNQuick[a],t2,BraTSReg_009,4.322499990463257,3.4232023402150884,2.409868473237304
antsRegistrationSyNQuick[a],t1,BraTSReg_031,4.750341892242432,1.5107491837076632,1.529340998829376
antsRegistrationSyNQuick[a],t1ce,BraTSReg_031,4.49466609954834,1.5107491837076632,1.5374797724278322
antsRegistrationSyNQuick[a],flair,BraTSReg_031,4.39253306388855,1.5107491837076632,1.5277215579880845
antsRegistrationSyNQuick[a],t2,BraTSReg_031,4.264161825180054,1.5107491837076632,1.5397888874650414
antsRegistrationSyNQuick[a],t1,BraTSReg_099,3.5474700927734375,6.643286747611782,2.843014203577998
antsRegistrationSyNQuick[a],t1ce,BraTSReg_099,3.664883852005005,6.643286747611782,2.6137370568449865
antsRegistrationSyNQuick[a],flair,BraTSReg_099,4.054840087890625,6.643286747611782,2.8470386622845014
antsRegistrationSyNQuick[a],t2,BraTSReg_099,4.523921012878418,6.643286747611782,2.5728761060417766
antsRegistrationSyNQuick[a],t1,BraTSReg_052,4.351256847381592,6.296561582973056,6.5085288645973725
antsRegistrationSyNQuick[a],t1ce,BraTSReg_052,5.278493165969849,6.296561582973056,6.543862773888349
antsRegistrationSyNQuick[a],flair,BraTSReg_052,3.4358222484588623,6.296561582973056,6.584921746785354
antsRegistrationSyNQuick[a],t2,BraTSReg_052,3.451843023300171,6.296561582973056,6.387494603700921
antsRegistrationSyNQuick[a],t1,BraTSReg_055,4.695429086685181,6.415518797629595,6.045289940436095
antsRegistrationSyNQuick[a],t1ce,BraTSReg_055,4.5915679931640625,6.415518797629595,6.1093452028516255
antsRegistrationSyNQuick[a],flair,BraTSReg_055,4.472793102264404,6.415518797629595,6.456145338673079
antsRegistrationSyNQuick[a],t2,BraTSReg_055,3.8814690113067627,6.415518797629595,6.146351384230314
antsRegistrationSyNQuick[a],t1,BraTSReg_097,5.0065388679504395,4.624233063440595,4.3489141690428585
antsRegistrationSyNQuick[a],t1ce,BraTSReg_097,5.136023998260498,4.624233063440595,4.423328166956535
antsRegistrationSyNQuick[a],flair,BraTSReg_097,5.213715076446533,4.624233063440595,6.967007376465439
antsRegistrationSyNQuick[a],t2,BraTSReg_097,6.185776948928833,4.624233063440595,10.025792404087301
antsRegistrationSyNQuick[a],t1,BraTSReg_063,4.204623222351074,3.957856816624188,3.4286401575024694
antsRegistrationSyNQuick[a],t1ce,BraTSReg_063,3.5559122562408447,3.957856816624188,3.5164401052365277
antsRegistrationSyNQuick[a],flair,BraTSReg_063,3.590653896331787,3.957856816624188,3.188011619885597
antsRegistrationSyNQuick[a],t2,BraTSReg_063,4.135947942733765,3.957856816624188,3.2822566442677212
antsRegistrationSyNQuick[a],t1,BraTSReg_064,4.40084981918335,3.4751132857553997,2.554337543487583
antsRegistrationSyNQuick[a],t1ce,BraTSReg_064,4.5453221797943115,3.4751132857553997,2.442715630821537
antsRegistrationSyNQuick[a],flair,BraTSReg_064,4.566899299621582,3.4751132857553997,2.512722189536269
antsRegistrationSyNQuick[a],t2,BraTSReg_064,4.607105016708374,3.4751132857553997,2.703890128786544
antsRegistrationSyNQuick[a],t1,BraTSReg_090,4.708988189697266,2.8782946786985426,2.863352886395444
antsRegistrationSyNQuick[a],t1ce,BraTSReg_090,4.566222190856934,2.8782946786985426,2.7863578986929793
antsRegistrationSyNQuick[a],flair,BraTSReg_090,4.996198892593384,2.8782946786985426,2.8382168176213693
antsRegistrationSyNQuick[a],t2,BraTSReg_090,4.552149057388306,2.8782946786985426,2.9393566365722466
antsRegistrationSyNQuick[a],t1,BraTSReg_030,4.268108129501343,2.8295044167554635,1.351586205027255
antsRegistrationSyNQuick[a],t1ce,BraTSReg_030,4.561259031295776,2.8295044167554635,1.3811091301700387
antsRegistrationSyNQuick[a],flair,BraTSReg_030,4.616300106048584,2.8295044167554635,1.771587302938496
antsRegistrationSyNQuick[a],t2,BraTSReg_030,4.204701900482178,2.8295044167554635,1.5578128298840186
antsRegistrationSyNQuick[a],t1,BraTSReg_037,4.624840974807739,1.623128147118309,1.68831358075448
antsRegistrationSyNQuick[a],t1ce,BraTSReg_037,5.098039150238037,1.623128147118309,1.6678609442888803
antsRegistrationSyNQuick[a],flair,BraTSReg_037,4.634598255157471,1.623128147118309,1.7338170924355112
antsRegistrationSyNQuick[a],t2,BraTSReg_037,4.906947135925293,1.623128147118309,1.7419757827886722
antsRegistrationSyNQuick[a],t1,BraTSReg_008,4.4693262577056885,3.759781332128752,3.6931353212429507
antsRegistrationSyNQuick[a],t1ce,BraTSReg_008,5.343518972396851,3.759781332128752,3.668349387140612
antsRegistrationSyNQuick[a],flair,BraTSReg_008,4.596224069595337,3.759781332128752,3.583724720920378
antsRegistrationSyNQuick[a],t2,BraTSReg_008,4.669003009796143,3.759781332128752,3.882227596937985
antsRegistrationSyNQuick[a],t1,BraTSReg_001,3.808306932449341,1.9947221045587995,1.9294148753268374
antsRegistrationSyNQuick[a],t1ce,BraTSReg_001,4.461399793624878,1.9947221045587995,1.8423309557910095
antsRegistrationSyNQuick[a],flair,BraTSReg_001,4.543884038925171,1.9947221045587995,1.9943528211975625
antsRegistrationSyNQuick[a],t2,BraTSReg_001,4.147378921508789,1.9947221045587995,1.782918054849165
antsRegistrationSyNQuick[a],t1,BraTSReg_006,4.0156049728393555,3.8710461509360097,4.084411955476243
antsRegistrationSyNQuick[a],t1ce,BraTSReg_006,4.734253883361816,3.8710461509360097,4.172738947643924
antsRegistrationSyNQuick[a],flair,BraTSReg_006,5.435039043426514,3.8710461509360097,4.0107707012997
antsRegistrationSyNQuick[a],t2,BraTSReg_006,4.448426961898804,3.8710461509360097,4.161942344693546
antsRegistrationSyNQuick[a],t1,BraTSReg_039,4.764922142028809,1.235702260395516,1.333724636792936
antsRegistrationSyNQuick[a],t1ce,BraTSReg_039,4.711035966873169,1.235702260395516,1.2316939617360283
antsRegistrationSyNQuick[a],flair,BraTSReg_039,4.771397829055786,1.235702260395516,1.3013279370932531
antsRegistrationSyNQuick[a],t2,BraTSReg_039,4.724822998046875,1.235702260395516,1.2782543000302689
antsRegistrationSyNQuick[a],t1,BraTSReg_116,4.889879941940308,12.872362906421065,7.360891628787433
antsRegistrationSyNQuick[a],t1ce,BraTSReg_116,5.019121170043945,12.872362906421065,7.387021302740959
antsRegistrationSyNQuick[a],flair,BraTSReg_116,5.0295562744140625,12.872362906421065,7.3491051237455425
antsRegistrationSyNQuick[a],t2,BraTSReg_116,4.760435104370117,12.872362906421065,7.253354370211457
antsRegistrationSyNQuick[a],t1,BraTSReg_129,4.518946170806885,6.662047372871861,4.57954249169941
antsRegistrationSyNQuick[a],t1ce,BraTSReg_129,4.618191957473755,6.662047372871861,4.573546663841609
antsRegistrationSyNQuick[a],flair,BraTSReg_129,4.003010034561157,6.662047372871861,4.6238653980887365
antsRegistrationSyNQuick[a],t2,BraTSReg_129,4.476730823516846,6.662047372871861,4.676851692024671
antsRegistrationSyNQuick[a],t1,BraTSReg_111,4.976747989654541,7.233508080563394,4.184082783831336
antsRegistrationSyNQuick[a],t1ce,BraTSReg_111,4.870422124862671,7.233508080563394,4.119375220733909
antsRegistrationSyNQuick[a],flair,BraTSReg_111,4.452804088592529,7.233508080563394,3.9975981774105507
antsRegistrationSyNQuick[a],t2,BraTSReg_111,4.495276212692261,7.233508080563394,3.8609405335238414
antsRegistrationSyNQuick[a],t1,BraTSReg_127,4.542281150817871,19.65657844606409,3.408851578563195
antsRegistrationSyNQuick[a],t1ce,BraTSReg_127,4.966801881790161,19.65657844606409,3.7411234496340753
antsRegistrationSyNQuick[a],flair,BraTSReg_127,4.713579893112183,19.65657844606409,3.405827467566212
antsRegistrationSyNQuick[a],t2,BraTSReg_127,4.234672784805298,19.65657844606409,3.3115186511021926
antsRegistrationSyNQuick[a],t1,BraTSReg_118,4.521175146102905,5.911224646798547,5.0385800535596585
antsRegistrationSyNQuick[a],t1ce,BraTSReg_118,4.438434839248657,5.911224646798547,5.291548916309441
antsRegistrationSyNQuick[a],flair,BraTSReg_118,4.044834852218628,5.911224646798547,5.598683194631264
antsRegistrationSyNQuick[a],t2,BraTSReg_118,3.8956401348114014,5.911224646798547,5.240744909350981
antsRegistrationSyNQuick[a],t1,BraTSReg_120,3.7770519256591797,14.614369161291874,5.558301216916734
antsRegistrationSyNQuick[a],t1ce,BraTSReg_120,4.2185139656066895,14.614369161291874,5.256226573075477
antsRegistrationSyNQuick[a],flair,BraTSReg_120,4.451996326446533,14.614369161291874,5.265904310573578
antsRegistrationSyNQuick[a],t2,BraTSReg_120,4.9895851612091064,14.614369161291874,5.050667659527821
antsRegistrationSyNQuick[a],t1,BraTSReg_121,4.379070997238159,6.565452018191159,7.06545896685432
antsRegistrationSyNQuick[a],t1ce,BraTSReg_121,4.6595237255096436,6.565452018191159,7.4673044187530335
antsRegistrationSyNQuick[a],flair,BraTSReg_121,4.695324897766113,6.565452018191159,7.601840362035463
antsRegistrationSyNQuick[a],t2,BraTSReg_121,4.218135833740234,6.565452018191159,7.344028986019251
antsRegistrationSyNQuick[a],t1,BraTSReg_126,4.491459846496582,12.695682596776589,6.7319875389630965
antsRegistrationSyNQuick[a],t1ce,BraTSReg_126,4.971289873123169,12.695682596776589,6.628281594459228
antsRegistrationSyNQuick[a],flair,BraTSReg_126,4.708364009857178,12.695682596776589,6.6162812175731665
antsRegistrationSyNQuick[a],t2,BraTSReg_126,4.815845012664795,12.695682596776589,6.630989072339906
antsRegistrationSyNQuick[a],t1,BraTSReg_119,4.726634979248047,6.008808969173144,6.332180204973705
antsRegistrationSyNQuick[a],t1ce,BraTSReg_119,3.6292941570281982,6.008808969173144,6.33031413218373
antsRegistrationSyNQuick[a],flair,BraTSReg_119,4.832400798797607,6.008808969173144,6.283629321014258
antsRegistrationSyNQuick[a],t2,BraTSReg_119,4.580237150192261,6.008808969173144,5.879322968039548
antsRegistrationSyNQuick[a],t1,BraTSReg_110,4.316630840301514,5.623508517037374,1.984671388962452
antsRegistrationSyNQuick[a],t1ce,BraTSReg_110,4.552872896194458,5.623508517037374,1.769247516916477
antsRegistrationSyNQuick[a],flair,BraTSReg_110,4.334222078323364,5.623508517037374,1.8052045299649362
antsRegistrationSyNQuick[a],t2,BraTSReg_110,4.576044082641602,5.623508517037374,1.7671913281047846
antsRegistrationSyNQuick[a],t1,BraTSReg_117,4.77580189704895,7.765324810878281,6.770453469272932
antsRegistrationSyNQuick[a],t1ce,BraTSReg_117,4.835012912750244,7.765324810878281,6.829407582029401
antsRegistrationSyNQuick[a],flair,BraTSReg_117,4.716960906982422,7.765324810878281,6.971500020333798
antsRegistrationSyNQuick[a],t2,BraTSReg_117,4.363602876663208,7.765324810878281,7.047143470677717
antsRegistrationSyNQuick[a],t1,BraTSReg_128,4.410874128341675,10.67371641745836,4.952843230629655
antsRegistrationSyNQuick[a],t1ce,BraTSReg_128,4.253433704376221,10.67371641745836,4.969965226974485
antsRegistrationSyNQuick[a],flair,BraTSReg_128,4.107205867767334,10.67371641745836,5.00140541786571
antsRegistrationSyNQuick[a],t2,BraTSReg_128,4.493638038635254,10.67371641745836,5.048113284850002
antsRegistrationSyNQuick[a],t1,BraTSReg_135,4.048877000808716,5.790499393122481,3.7087239881689986
antsRegistrationSyNQuick[a],t1ce,BraTSReg_135,4.444937229156494,5.790499393122481,3.1733746693039038
antsRegistrationSyNQuick[a],flair,BraTSReg_135,4.04745078086853,5.790499393122481,3.787118600730902
antsRegistrationSyNQuick[a],t2,BraTSReg_135,4.674998998641968,5.790499393122481,3.56986836868422
antsRegistrationSyNQuick[a],t1,BraTSReg_132,4.513034105300903,13.050396034482459,5.548061082777852
antsRegistrationSyNQuick[a],t1ce,BraTSReg_132,4.662337064743042,13.050396034482459,5.426026516913826
antsRegistrationSyNQuick[a],flair,BraTSReg_132,4.246904134750366,13.050396034482459,5.37111567528658
antsRegistrationSyNQuick[a],t2,BraTSReg_132,4.6030378341674805,13.050396034482459,5.537614844392591
antsRegistrationSyNQuick[a],t1,BraTSReg_104,4.664504766464233,13.810882672124198,3.739731259989608
antsRegistrationSyNQuick[a],t1ce,BraTSReg_104,4.27820086479187,13.810882672124198,3.881180214768052
antsRegistrationSyNQuick[a],flair,BraTSReg_104,4.5357277393341064,13.810882672124198,4.239286987849869
antsRegistrationSyNQuick[a],t2,BraTSReg_104,4.699897050857544,13.810882672124198,3.2632051807702944
antsRegistrationSyNQuick[a],t1,BraTSReg_103,4.634324073791504,18.2435129863435,3.5041220490497613
antsRegistrationSyNQuick[a],t1ce,BraTSReg_103,4.456026077270508,18.2435129863435,3.039964705439231
antsRegistrationSyNQuick[a],flair,BraTSReg_103,4.764027833938599,18.2435129863435,3.096708809655699
antsRegistrationSyNQuick[a],t2,BraTSReg_103,4.184840202331543,18.2435129863435,2.9459809383579367
antsRegistrationSyNQuick[a],t1,BraTSReg_102,4.464375019073486,14.734425288955752,4.907167056754442
antsRegistrationSyNQuick[a],t1ce,BraTSReg_102,4.4842071533203125,14.734425288955752,4.278013989410066
antsRegistrationSyNQuick[a],flair,BraTSReg_102,4.78312087059021,14.734425288955752,4.48625455285314
antsRegistrationSyNQuick[a],t2,BraTSReg_102,4.46712589263916,14.734425288955752,3.5354127309018377
antsRegistrationSyNQuick[a],t1,BraTSReg_105,4.2327721118927,11.551614387843175,12.163535891753423
antsRegistrationSyNQuick[a],t1ce,BraTSReg_105,4.539933204650879,11.551614387843175,12.02712676562352
antsRegistrationSyNQuick[a],flair,BraTSReg_105,4.40720009803772,11.551614387843175,12.077007349419791
antsRegistrationSyNQuick[a],t2,BraTSReg_105,4.619935035705566,11.551614387843175,11.883927112408411
antsRegistrationSyNQuick[a],t1,BraTSReg_133,4.630046844482422,9.491931972158953,6.776503828211812
antsRegistrationSyNQuick[a],t1ce,BraTSReg_133,4.754086017608643,9.491931972158953,6.6095739222685035
antsRegistrationSyNQuick[a],flair,BraTSReg_133,4.431335926055908,9.491931972158953,6.626933975191259
antsRegistrationSyNQuick[a],t2,BraTSReg_133,4.20007586479187,9.491931972158953,6.183098731319078
antsRegistrationSyNQuick[a],t1,BraTSReg_134,5.011014938354492,16.647603401726702,5.305202261394407
antsRegistrationSyNQuick[a],t1ce,BraTSReg_134,4.8060832023620605,16.647603401726702,5.380875326974875
antsRegistrationSyNQuick[a],flair,BraTSReg_134,4.595090389251709,16.647603401726702,5.213110246468632
antsRegistrationSyNQuick[a],t2,BraTSReg_134,4.75441575050354,16.647603401726702,5.332211227782222
antsRegistrationSyNQuick[a],t1,BraTSReg_024,3.7448441982269287,3.5188414625853284,4.0791317913428875
antsRegistrationSyNQuick[a],t1ce,BraTSReg_024,5.015627861022949,3.5188414625853284,4.051716540354606
antsRegistrationSyNQuick[a],flair,BraTSReg_024,4.584600210189819,3.5188414625853284,4.0073336765894325
antsRegistrationSyNQuick[a],t2,BraTSReg_024,4.742154121398926,3.5188414625853284,4.01915024339257
antsRegistrationSyNQuick[a],t1,BraTSReg_023,4.5870890617370605,4.273468534489459,3.362501479697853
antsRegistrationSyNQuick[a],t1ce,BraTSReg_023,4.422513961791992,4.273468534489459,3.57584711752413
antsRegistrationSyNQuick[a],flair,BraTSReg_023,4.5105462074279785,4.273468534489459,3.371279290739602
antsRegistrationSyNQuick[a],t2,BraTSReg_023,4.34372091293335,4.273468534489459,2.6337121552342073
antsRegistrationSyNQuick[a],t1,BraTSReg_015,4.630126953125,1.6153550716504104,2.1775756239726216
antsRegistrationSyNQuick[a],t1ce,BraTSReg_015,4.730226993560791,1.6153550716504104,1.98045361974427
antsRegistrationSyNQuick[a],flair,BraTSReg_015,4.6359193325042725,1.6153550716504104,2.1321201008075827
antsRegistrationSyNQuick[a],t2,BraTSReg_015,4.985680103302002,1.6153550716504104,2.1871903753769453
antsRegistrationSyNQuick[a],t1,BraTSReg_012,4.451090097427368,1.9524627736864775,1.6622790003608117
antsRegistrationSyNQuick[a],t1ce,BraTSReg_012,4.3056960105896,1.9524627736864775,1.7659854967477857
antsRegistrationSyNQuick[a],flair,BraTSReg_012,4.3237550258636475,1.9524627736864775,1.8839104033033278
antsRegistrationSyNQuick[a],t2,BraTSReg_012,4.8194260597229,1.9524627736864775,1.916143707581682
antsRegistrationSyNQuick[a],t1,BraTSReg_046,4.8809521198272705,2.2689593546142035,2.299061184738315
antsRegistrationSyNQuick[a],t1ce,BraTSReg_046,4.2869486808776855,2.2689593546142035,2.369751461832942
antsRegistrationSyNQuick[a],flair,BraTSReg_046,4.689097881317139,2.2689593546142035,2.0392663692758712
antsRegistrationSyNQuick[a],t2,BraTSReg_046,4.547559976577759,2.2689593546142035,2.1289666376402656
antsRegistrationSyNQuick[a],t1,BraTSReg_079,3.9353368282318115,6.35552142388618,5.8009693683377535
antsRegistrationSyNQuick[a],t1ce,BraTSReg_079,4.899176359176636,6.35552142388618,5.954461521203583
antsRegistrationSyNQuick[a],flair,BraTSReg_079,4.348762035369873,6.35552142388618,6.260443146142631
antsRegistrationSyNQuick[a],t2,BraTSReg_079,4.5540931224823,6.35552142388618,5.93140988315543
antsRegistrationSyNQuick[a],t1,BraTSReg_041,5.182995080947876,1.6410723270965863,1.730811912042743
antsRegistrationSyNQuick[a],t1ce,BraTSReg_041,4.657322883605957,1.6410723270965863,1.721019562924222
antsRegistrationSyNQuick[a],flair,BraTSReg_041,4.815256118774414,1.6410723270965863,1.7370562721927882
antsRegistrationSyNQuick[a],t2,BraTSReg_041,4.573744297027588,1.6410723270965863,1.7095802021107964
antsRegistrationSyNQuick[a],t1,BraTSReg_083,4.135051965713501,4.065521792297122,3.5055400044215586
antsRegistrationSyNQuick[a],t1ce,BraTSReg_083,3.97908878326416,4.065521792297122,3.529381884063425
antsRegistrationSyNQuick[a],flair,BraTSReg_083,4.626298189163208,4.065521792297122,3.6777029270957393
antsRegistrationSyNQuick[a],t2,BraTSReg_083,4.297114133834839,4.065521792297122,3.4200387568519472
antsRegistrationSyNQuick[a],t1,BraTSReg_077,3.707275867462158,3.673234972517379,1.9811706644328435
antsRegistrationSyNQuick[a],t1ce,BraTSReg_077,5.063391923904419,3.673234972517379,2.1331432043691
antsRegistrationSyNQuick[a],flair,BraTSReg_077,4.4369587898254395,3.673234972517379,2.0923347532683474
antsRegistrationSyNQuick[a],t2,BraTSReg_077,5.047908782958984,3.673234972517379,2.2259363896153386
antsRegistrationSyNQuick[a],t1,BraTSReg_048,4.887994050979614,1.8521951166950428,1.6283085903097112
antsRegistrationSyNQuick[a],t1ce,BraTSReg_048,4.969827175140381,1.8521951166950428,1.7134864880355039
antsRegistrationSyNQuick[a],flair,BraTSReg_048,4.385852813720703,1.8521951166950428,1.7216743333464926
antsRegistrationSyNQuick[a],t2,BraTSReg_048,4.990797996520996,1.8521951166950428,1.6799853599592003
antsRegistrationSyNQuick[a],t1,BraTSReg_070,4.228998899459839,2.835330158940036,2.0930015834435394
antsRegistrationSyNQuick[a],t1ce,BraTSReg_070,4.686432123184204,2.835330158940036,2.224643723648165
antsRegistrationSyNQuick[a],flair,BraTSReg_070,4.348727703094482,2.835330158940036,2.3032817831010597
antsRegistrationSyNQuick[a],t2,BraTSReg_070,5.001385927200317,2.835330158940036,2.129497491429775
antsRegistrationSyNQuick[a],t1,BraTSReg_084,4.000282049179077,10.815026443047755,2.5669984882859405
antsRegistrationSyNQuick[a],t1ce,BraTSReg_084,4.2607080936431885,10.815026443047755,2.4243633937151063
antsRegistrationSyNQuick[a],flair,BraTSReg_084,4.687064170837402,10.815026443047755,2.547125200145448
antsRegistrationSyNQuick[a],t2,BraTSReg_084,4.612514019012451,10.815026443047755,2.483554433717337
antsRegistrationSyNQuick[a],t1,BraTSReg_013,4.870055913925171,1.6832952137760104,1.7179100143995945
antsRegistrationSyNQuick[a],t1ce,BraTSReg_013,4.736629962921143,1.6832952137760104,1.8687299083608382
antsRegistrationSyNQuick[a],flair,BraTSReg_013,4.8209850788116455,1.6832952137760104,1.9111540612684064
antsRegistrationSyNQuick[a],t2,BraTSReg_013,4.414909839630127,1.6832952137760104,1.679029519314773
antsRegistrationSyNQuick[a],t1,BraTSReg_014,4.785801887512207,2.52262611666936,1.2160142454108038
antsRegistrationSyNQuick[a],t1ce,BraTSReg_014,4.472625017166138,2.52262611666936,1.3181751034955274
antsRegistrationSyNQuick[a],flair,BraTSReg_014,4.239397048950195,2.52262611666936,1.2692382195981702
antsRegistrationSyNQuick[a],t2,BraTSReg_014,4.313727140426636,2.52262611666936,1.2196008086257049
antsRegistrationSyNQuick[a],t1,BraTSReg_022,4.722027063369751,2.4123864109396576,1.7365513741339165
antsRegistrationSyNQuick[a],t1ce,BraTSReg_022,4.33093523979187,2.4123864109396576,1.8900700830296786
antsRegistrationSyNQuick[a],flair,BraTSReg_022,4.538839101791382,2.4123864109396576,1.7557966283763333
antsRegistrationSyNQuick[a],t2,BraTSReg_022,4.4997570514678955,2.4123864109396576,1.7764714063324982
antsRegistrationSyNQuick[a],t1,BraTSReg_025,4.143784284591675,2.847615113609692,2.8226159014514134
antsRegistrationSyNQuick[a],t1ce,BraTSReg_025,4.8272857666015625,2.847615113609692,2.6542683303276147
antsRegistrationSyNQuick[a],flair,BraTSReg_025,5.004312038421631,2.847615113609692,2.891935118011022
antsRegistrationSyNQuick[a],t2,BraTSReg_025,4.556798934936523,2.847615113609692,2.496466528152553
antsRegistrationSyNQuick[a],t1,BraTSReg_085,4.88818097114563,3.8608670882264544,3.9629383752288674
antsRegistrationSyNQuick[a],t1ce,BraTSReg_085,5.059635877609253,3.8608670882264544,4.007717595369481
antsRegistrationSyNQuick[a],flair,BraTSReg_085,4.750427961349487,3.8608670882264544,4.134628958830425
antsRegistrationSyNQuick[a],t2,BraTSReg_085,4.62291407585144,3.8608670882264544,4.086691727322589
antsRegistrationSyNQuick[a],t1,BraTSReg_071,4.440195083618164,4.700125088065656,6.830350285429484
antsRegistrationSyNQuick[a],t1ce,BraTSReg_071,4.40330696105957,4.700125088065656,7.131114606808471
antsRegistrationSyNQuick[a],flair,BraTSReg_071,4.82543683052063,4.700125088065656,6.716412689249246
antsRegistrationSyNQuick[a],t2,BraTSReg_071,4.539597988128662,4.700125088065656,6.938145779746799
antsRegistrationSyNQuick[a],t1,BraTSReg_076,4.747009038925171,5.809787385444952,4.72651500958964
antsRegistrationSyNQuick[a],t1ce,BraTSReg_076,4.439834117889404,5.809787385444952,5.021719878975141
antsRegistrationSyNQuick[a],flair,BraTSReg_076,4.882581949234009,5.809787385444952,4.764849092260313
antsRegistrationSyNQuick[a],t2,BraTSReg_076,4.026671886444092,5.809787385444952,4.9576093116706845
antsRegistrationSyNQuick[a],t1,BraTSReg_082,4.652137994766235,2.5128695208216962,2.0246027964628937
antsRegistrationSyNQuick[a],t1ce,BraTSReg_082,3.8835549354553223,2.5128695208216962,1.9873518845246625
antsRegistrationSyNQuick[a],flair,BraTSReg_082,4.91154408454895,2.5128695208216962,2.050617679607821
antsRegistrationSyNQuick[a],t2,BraTSReg_082,4.6947009563446045,2.5128695208216962,2.0820903710266396
antsRegistrationSyNQuick[a],t1,BraTSReg_049,4.725452184677124,1.4736032088272966,1.4478190030910039
antsRegistrationSyNQuick[a],t1ce,BraTSReg_049,4.199908256530762,1.4736032088272966,1.4281261068583566
antsRegistrationSyNQuick[a],flair,BraTSReg_049,4.238034248352051,1.4736032088272966,1.6070542154090448
antsRegistrationSyNQuick[a],t2,BraTSReg_049,3.7022998332977295,1.4736032088272966,1.7333821839803492
antsRegistrationSyNQuick[a],t1,BraTSReg_040,4.675165891647339,2.0542338695695843,2.037659234956674
antsRegistrationSyNQuick[a],t1ce,BraTSReg_040,4.465152978897095,2.0542338695695843,2.0380658725070577
antsRegistrationSyNQuick[a],flair,BraTSReg_040,4.786507844924927,2.0542338695695843,1.9746932402533153
antsRegistrationSyNQuick[a],t2,BraTSReg_040,4.848106145858765,2.0542338695695843,2.0225723511793703
antsRegistrationSyNQuick[a],t1,BraTSReg_047,4.829524040222168,1.619129440353144,1.5298708683275348
antsRegistrationSyNQuick[a],t1ce,BraTSReg_047,4.733413219451904,1.619129440353144,1.5989105649313238
antsRegistrationSyNQuick[a],flair,BraTSReg_047,4.748669862747192,1.619129440353144,1.6780989841163914
antsRegistrationSyNQuick[a],t2,BraTSReg_047,4.501309871673584,1.619129440353144,1.5457086264103015
antsRegistrationSyNQuick[a],t1,BraTSReg_078,5.806879997253418,6.834405463685766,5.45212529851757
antsRegistrationSyNQuick[a],t1ce,BraTSReg_078,5.306246280670166,6.834405463685766,5.4955021182076305
antsRegistrationSyNQuick[a],flair,BraTSReg_078,4.647211074829102,6.834405463685766,5.4109907432667805
antsRegistrationSyNQuick[a],t2,BraTSReg_078,4.434325933456421,6.834405463685766,5.369454602449424
